,n_mu,n_std,eta_mu,eta_std,s0_mu,s0_std,R_mu,R_std,d_mu,d_std
0,0.10668112552654499,0.49502491687524974,0.7873158847772624,0.49502491687494604,0.42478491017942427,0.49502491687482564,0.7585821830506924,0.4950249168749132,0.9597319775523582,0.4950249168765135
1,0.1166795624532593,0.49009420534416254,0.7773195486911563,0.49009666452205286,0.43474197231908784,0.4900986215590109,0.7485865940414743,0.4900970969353732,0.9497321038317903,0.49009329033524074
2,0.1266751179260691,0.4852044697299822,0.7673297034384371,0.48521328640141925,0.4446150760469131,0.48522038409217705,0.7385980955182389,0.48521500683597873,0.9397324467692637,0.4851999246363761
3,0.13666607169734182,0.48035254362421304,0.7573492175293332,0.4803731217404214,0.45434819561822,0.48038963395048423,0.7286194069064673,0.48037734382838093,0.9297330048758314,0.4803401111819085
4,0.14665035244505065,0.47553553529412096,0.7473811016981871,0.475574739607199,0.46386654174163566,0.47560596375254044,0.7186532415116288,0.47558301912756124,0.9197337248460927,0.4755099648832268
5,0.15662561981386325,0.47075087797055837,0.7374286581786991,0.47081686882751417,0.47307319994884484,0.4708691264592439,0.708702393674637,0.4708311046544131,0.9097345788175389,0.4707063714165235
6,0.16658932378279784,0.4659963516313331,0.7274956022540569,0.46609835324483107,0.48184668519151735,0.46617902525170846,0.6987699502264481,0.46612076210422676,0.8997356604288277,0.46592676369837754
7,0.1765387563521405,0.4612700890658846,0.717586174968313,0.4614181211782673,0.49004144877216077,0.4615356944235855,0.6888594971028931,0.46145119058170564,0.8897372586300866,0.461168908873839
8,0.18647109791595715,0.4565705678322513,0.7077052521073183,0.4567751633009376,0.4974939137739635,0.45693926799200224,0.6789752843153372,0.45682159841018344,0.8797398961352179,0.45643078328717335
9,0.19638345723930356,0.45189659047951775,0.6978584488385247,0.4521685177966968,0.5040361853523067,0.4523899360000014,0.6691223571618004,0.45223119288469954,0.8697443438202769,0.45171052292454855
10,0.20627286898651254,0.4472472405539389,0.6880521668092878,0.4475972738082877,0.5095162970954228,0.44788789273340673,0.6593066162149233,0.4476791886917443,0.8597516179864982,0.44700642298026144
11,0.2161362439897028,0.44262182290536023,0.6782935752088016,0.44306059016638144,0.5138201821229987,0.4434332848451948,0.6495348027687365,0.4431648280854004,0.8497629619649419,0.442316967105051
12,0.2259702967810802,0.4380198065302666,0.6685905591592298,0.43855771687862705,0.5168884061796392,0.4390261663913561,0.6398144434773205,0.43868740197472256,0.8397798186644698,0.4376408640943716
13,0.23577148369439113,0.43344078603765607,0.6589516840898031,0.4340880089582765,0.5187222844883937,0.4346664665111189,0.6301538086424614,0.43424626329726834,0.8298038148159421,0.4329770636651746
14,0.24553598664023182,0.4288844723325898,0.6493862309595186,0.42965092701562596,0.5193790207744313,0.4303539731979355,0.6205619414508455,0.42984083021303265,0.819836771699408,0.42832474199653187
15,0.2552597370706701,0.424350701456128,0.6399042968728683,0.4252460306376618,0.518959641320081,0.42608833407066027,0.6110487565234523,0.425470584816106,0.8098807383638607,0.423683271297109
16,0.2649384492735132,0.4198394434214728,0.6305169152854512,0.4208729732694995,0.5175949386315105,0.4218690726535366,0.6016251682020082,0.42113507311107656,0.7999380338520262,0.4190521919787887
17,0.27456763872711765,0.4153508007673304,0.6212361566556592,0.41653150175493203,0.5154335180566149,0.4176956157933198,0.5923032085773815,0.41683390849671337,0.7900112830521562,0.41443120051619375
18,0.2841426124867084,0.41088499443266746,0.6120751848225021,0.4122214595877428,0.5126336829378726,0.41356732642510885,0.5830961079974343,0.4125667788804812,0.7801034340314117,0.4098201563432441
19,0.2936584276810571,0.4064423406410965,0.6030482578076212,0.40794279218057206,0.5093589243434795,0.409483536985712,0.5740183257948048,0.40833345644129,0.7702177540664678,0.4052191006858325
20,0.3031098333121735,0.4020232290049584,0.5941706938506583,0.40369555171565,0.5057758971896532,0.4054435804605884,0.5650855376725259,0.4041338081610257,0.7603578112053768,0.400628276089008
21,0.312491212738172,0.3976281087046328,0.5854588277838662,0.39947990004588874,0.5020534385053776,0.40144681656934,0.5563145942233408,0.3999678041464443,0.7505274539262965,0.3960481366701871
22,0.3217965312824036,0.393257481550934,0.5769299602970053,0.3952961088339967,0.49836110388838956,0.39749265010247004,0.5477234628849281,0.39583552067198113,0.7407307995868221,0.39147934498778353
23,0.3310192915619098,0.38891189916705005,0.5686022989785461,0.39114455582968627,0.49486595688273594,0.39358053889857075,0.539331165231206,0.3917371365832602,0.7309722376400019,0.3869227569116435
24,0.34015250948696046,0.3845919647546997,0.5604949090093154,0.3870257166636954,0.49172699043184553,0.3897099911880822,0.5311577314785836,0.38767292430352285,0.7212564537143968,0.38237939576384095
25,0.3491887241008942,0.3802983400049037,0.5526276942321043,0.38294015336150833,0.4890874060035735,0.38588055455989606,0.5232241841057791,0.383643239124328,0.7115884743580626,0.3778504198708757
26,0.3581200319537749,0.3760317523436338,0.5450213899911781,0.37888850162763693,0.4870657391190044,0.3820917993602017,0.5155525256208263,0.37964851048692844,0.7019737193582153,0.37333709264403225
27,0.3669381076590058,0.3717929935234022,0.5376974933448311,0.3748714577625068,0.4857473181933896,0.37834329847985,0.5081656639638901,0.3756892360255113,0.692418041153725,0.36884076428365126
28,0.3756341752600315,0.3675829062544314,0.5306780580156092,0.37088976487166664,0.48517779479017215,0.37463460644380187,0.501087203277521,0.371765976022481,0.6829277336118017,0.3643628690113649
29,0.3841989277502417,0.3634023650032903,0.5239853411209326,0.3669441982817819,0.48536021480927766,0.3709652429643804,0.49434107175987535,0.36787934493386143,0.6735095071376372,0.3599049324153444
30,0.39262242219951443,0.35925226011374384,0.5176413469287849,0.36303555042184443,0.48625611368877875,0.36733468614662323,0.48795101822745407,0.36402999797347574,0.6641704447691897,0.35546857672348575
31,0.4008939844726584,0.35513349001290717,0.5116673289870599,0.35916461499544916,0.48778985883028353,0.36374237735811316,0.4819400424395515,0.3602186131364345,0.6549179604895726,0.3510555145551393
32,0.4090021434819759,0.35104696034075306,0.5060832898596163,0.3553321700064915,0.4898547207022624,0.3601877358276736,0.47632981311725314,0.3564458702518416,0.6457597759052032,0.3466675301690731
33,0.4169346025947473,0.3469935868565073,0.5009074990926213,0.3515389599083206,0.492319350749974,0.3566701789078535,0.47114010027090103,0.3527124285580057,0.6367039196242716,0.3423064549928136
34,0.42467825440753665,0.34297429975029753,0.4961560505095834,0.3477856778467056,0.49503417781330017,0.35318914335831947,0.46638824655065136,0.3490189045132146,0.6277587465548334,0.33797414493738964
35,0.4322192495759563,0.3389900477509732,0.49184248857060897,0.3440729489041918,0.4978381346068719,0.3497441030320722,0.46208872009536994,0.34536585231851613,0.6189329799397452,0.33367246024587904
36,0.4395431303335364,0.3350418011410291,0.4879775333645323,0.3404013157498108,0.5005666173721838,0.3463345795765206,0.45825278861480506,0.341753749713806,0.6102357817179397,0.32940324499289514
37,0.44663502210273304,0.3311305527567769,0.48456890244833417,0.3367712285227441,0.5030613357432283,0.34296014478597664,0.45488830666954994,0.3381829896535359,0.6016768449262496,0.32516830698658866
38,0.4534798475585399,0.32725731477563963,0.4816211740259242,0.3331830390261855,0.5051817243055827,0.3396204147022347,0.4519995488898975,0.3346538756332545,0.5932664828757861,0.3209694041205403
39,0.4600625164730127,0.32342310908552024,0.47913561637043867,0.3296369968957659,0.5068163939571139,0.33631503684734604,0.44958701786132754,0.3311666178551221,0.5850156834368666,0.3168082424445668
40,0.4663680730479829,0.3196289521858271,0.47710996288580315,0.3261332459748454,0.507892522047474,0.3330436741204156,0.4476472138116146,0.3277213295456136,0.5769361152483289,0.31268648278518074
41,0.4723818251804598,0.31587583883738385,0.4755381904104444,0.3226718221574256,0.5083814801798996,0.3298059906771536,0.4461724170718462,0.32431802509893953,0.569040097075549,0.3086057468682217
42,0.47808948782901195,0.3121647275942782,0.47441036793300656,0.31925265466374414,0.5082999624844102,0.3266016440194486,0.44515054220355815,0.32095662144394616,0.5613405472330629,0.30456761755170203
43,0.48347734213700555,0.3084965273798345,0.4737125825385046,0.315875569943094,0.5077068318668069,0.32343028388770556,0.4445650835938463,0.3176369419664896,0.5538509175895883,0.3005736354627707
44,0.48853239845748886,0.30487208334636573,0.473426922665597,0.3125402962477396,0.50669663795709,0.3202915559234677,0.444395152899191,0.31435872210776805,0.546585108173595,0.29662529650741903
45,0.49324257807720473,0.301292163077627,0.47353154415973137,0.3092464696584784,0.5053910910378513,0.3171851081192872,0.44461562507112956,0.31112161759056967,0.5395573669099611,0.29272404970972143
46,0.4975969436453436,0.29775744547256716,0.47400086815163484,0.30599364411498026,0.5039294411334552,0.31411059853339146,0.44519741462270856,0.30792521696650776,0.5327821872678593,0.2888712913054928
47,0.5015859729823341,0.29426851231591156,0.4748058980792681,0.3027813054224127,0.5024579333422299,0.31106770176114096,0.44610786407351366,0.30476905799495974,0.5262742060730065,0.28506835440942246
48,0.5052018302238669,0.29082584084292945,0.4759145788960215,0.299608886465631,0.5011181033915515,0.308056111154331,0.447311182997175,0.3016526448948177,0.5200480847335857,0.2813164986716649
49,0.5084386035468583,0.28742979706039967,0.4772921531146729,0.2964757820353547,0.5000342446608705,0.30507553576285185,0.4487688916227854,0.2985754641992115,0.514118356080853,0.2776169036048953
50,0.5112925243288043,0.284080630986834,0.4789015443988264,0.2933813637863974,0.4993014806858965,0.3021256937032369,0.4504402840360522,0.2955369996032162,0.5084992391165082,0.2739706640617165
51,0.5137621918215953,0.2807784742989315,0.4807038129658228,0.2903249955311701,0.4989764724808941,0.29920630483332583,0.45228295706754806,0.2925367467409538,0.5032044385558045,0.27037878453052083
52,0.5158487967011514,0.277523340166645,0.48265867989832784,0.28730604792773584,0.4990723914067951,0.2963170854645109,0.454253419051942,0.2895742264430512,0.498246939260699,0.2668421722961367
53,0.5175563152563268,0.2743151255871176,0.48472508770242767,0.2843239117999342,0.49955879945038584,0.29345774723107376,0.45630774852382655,0.2866489936483256,0.49363879089416984,0.26336163219062825
54,0.5188916533149398,0.2711536166062102,0.48686177664204383,0.2813780096110335,0.5003661475578262,0.2906280006946372,0.4584022713954457,0.2837606412533793,0.4893908751837844,0.2599378634716259
55,0.5198647340760779,0.2680384960316208,0.48902787584859647,0.2784678042639497,0.5013940879769649,0.28782756215377614,0.4604942498822711,0.28090880094934256,0.48551265617671946,0.2565714559762166
56,0.5204885270380657,0.26496935314369846,0.4911835083888733,0.2755928046465012,0.5025226826628353,0.28505616106139303,0.462542577561185,0.27809314278077013,0.48201191862016746,0.253262883408832
57,0.5207790068171085,0.26194569522283756,0.49329039171044614,0.27275256786472174,0.503625591720322,0.28231354555907134,0.46450845519104406,0.27531337291379415,0.4788944983363665,0.25001249517497937
58,0.5207550307705044,0.25896696027370164,0.4953124077851359,0.2699466980058942,0.5045841928852085,0.27959948421045616,0.46635602722217395,0.2725692288599803,0.4761640116811892,0.24682050928698235
59,0.5204381469351733,0.2560325300458552,0.4972161450722475,0.2671748415687319,0.5053012983723986,0.276913763485241,0.4680529903980851,0.2698604733258307,0.47382159968249005,0.24368700682932196
60,0.5198523620283089,0.2531417432564534,0.4989714393665506,0.264436680827731,0.5057127764015262,0.27425618273071084,0.4695711875303764,0.26718688844770605,0.47186570134254563,0.24061192797114844
61,0.5190238767292316,0.2502939091276093,0.5005519030679981,0.26173192631340547,0.505795135879217,0.2716265491492631,0.4708871557835056,0.26454827036672907,0.4702918574238235,0.23759507192532814
62,0.517980767847385,0.24748832041678728,0.5019353851817493,0.2590603084433331,0.5055675179018558,0.2690246742617076,0.47198257718778625,0.26194442301502063,0.4690925445813188,0.23463610355523
63,0.516752626880065,0.24472426523774102,0.5031043492752082,0.2564215688228138,0.5050878097406697,0.266450372565727,0.47284462397955823,0.2593751515223091,0.4682570625894084,0.23173456496876724
64,0.515370209993615,0.24200103803590714,0.5040462297837809,0.2538154529058058,0.5044438948470429,0.26390346270263637,0.4734662353235769,0.2568402572752997,0.4677715119810474,0.22888988731291868
65,0.5138651246746953,0.23931794946295745,0.5047537814426173,0.2512417044296013,0.5037413688254475,0.2613837697443124,0.4738463280416938,0.25433953564963024,0.46761887401258795,0.22610140122882502
66,0.5122695112538643,0.23667433362355086,0.5052253331050838,0.24870006025797609,0.5030888425022816,0.2588911257704314,0.47398988028601463,0.2518727753078526,0.46777916733584807,0.22336834900766453
67,0.5106156805564662,0.23406955238326593,0.5054648691669658,0.24619024561625538,0.5025823453323359,0.2564253675416394,0.4739078307839008,0.24943975786848324,0.4682296529401228,0.22068990020049523
68,0.508935717509083,0.2315029982125865,0.5054819459015512,0.24371197153211924,0.5022911630592186,0.2539863327346685,0.47361679032199244,0.24704025829576792,0.46894507956962656,0.21806516823435085
69,0.5072610588433679,0.2289740960960637,0.5052914499531377,0.24126493501351928,0.5022476067706767,0.25157385642491636,0.4731385752079836,0.24467404653541602,0.4698979635404278,0.2154932259209013
70,0.5056220263605683,0.22648230359129676,0.5049131659661953,0.23884882079831563,0.5024425444417203,0.24918776858188224,0.4724995486807649,0.2423408894533337,0.4710588864503053,0.2129731212360613
71,0.5040473213655803,0.2240271088626537,0.504371160762821,0.23646330410772995,0.5028276371638789,0.24682789331797,0.47172977927588755,0.2400405519309123,0.47239680881409385,0.2105038944299523
72,0.50256352805223,0.22160802732443377,0.5036930563642671,0.23410805435346035,0.5033242551688766,0.2444940500534094,0.47086208803381785,0.23777279766205633,0.4738794256046059,0.20808459393470086
73,0.5011946647788095,0.21922459709125788,0.5029092479650458,0.2317827390650068,0.5038378618628743,0.24218605528318993,0.46993105801516283,0.2355373907871082,0.4754735839762935,0.20571428850840717
74,0.49996177726949326,0.21687637322835743,0.5020520551949782,0.22948702713553212,0.5042754432894997,0.23990372323133113,0.4689720056602295,0.23333409790185664,0.4771457440208923,0.2033920771998903
75,0.4988825474351434,0.2145629209124474,0.501154766737062,0.2272205907422043,0.5045627170558159,0.23764686457375916,0.4680198785553725,0.23116268913991822,0.4788624451987827,0.20111709997884206
76,0.4979709256747188,0.21228380806982905,0.5002505924500845,0.2249831057690125,0.5046577703684736,0.23541528386223806,0.4671081060661173,0.22902293835522095,0.4805907712182011,0.19888854742320808
77,0.49723684081862407,0.2100385992981646,0.4993716120629464,0.22277425182806807,0.5045585018090504,0.23320877774961782,0.4662674901400213,0.22691462323554124,0.48229883866946593,0.19670566451717628
78,0.49668602242040455,0.2078268524646804,0.49854778554871093,0.22059371285498325,0.5043023032867217,0.23102713560679447,0.4655251935650982,0.2248375249960971,0.4839563188393386,0.19456774713551697
79,0.4963199111454454,0.20564811690552323,0.49780600476023196,0.21844117719318515,0.5039576658980219,0.22887014164020328,0.4649038282738816,0.22279142667405438,0.4855349628631845,0.19247413501440067
80,0.4961356389170565,0.2035019319982251,0.49716918174705604,0.2163163361152137,0.5036091100120524,0.2267375767445884,0.464420660573452,0.22077611045961154,0.4870090941173553,0.1904242046405546
81,0.496126101267909,0.20138782670697533,0.49665544012675433,0.21421888161982708,0.5033385237175493,0.22462921943593947,0.4640869886437955,0.21879135549177564,0.48835605049666864,0.18841736256006586
82,0.4962801238521232,0.19930532024228917,0.496277448718837,0.21214850404332383,0.5032068220533971,0.22254484557931728,0.46390773298388993,0.21683693643754734,0.4895565626177907,0.18645303995887036
83,0.4965827051268368,0.1972539232619654,0.4960419067379456,0.21010488940615094,0.5032400121164292,0.2204842271332217,0.4638812583794812,0.2149126222291896,0.4905950551580719,0.18453068976370252
84,0.49701536505710664,0.1952331404759815,0.4959492618927039,0.20808771780713906,0.5034233642690599,0.21844713163468837,0.46399947400261365,0.2130181753347952,0.49145988126649204,0.18264978424414496
85,0.49755664623865187,0.19324247546592832,0.4959937615762789,0.2060966641337659,0.5037056557611793,0.21643332377277738,0.46424826956626464,0.21115335266867258,0.49214351173123244,0.18080980957566173
86,0.4981827548488015,0.19128143669346442,0.4961638383088373,0.204131400575264,0.5040126089234321,0.21444256830531785,0.46460828003868493,0.20931790785596047,0.49264267506583254,0.1790102577444386
87,0.49886829102694114,0.1893495433783958,0.4964427659993044,0.20219160003989392,0.5042661500025274,0.21247463282939189,0.465055904422679,0.20751159344176076,0.492958416631058,0.17725061966480185
88,0.49958703192252374,0.1874463302362182,0.49680953580482157,0.20027693964338542,0.5044046421581322,0.21052928932535464,0.465564509455877,0.2057341628333412,0.493096047296099,0.17553038192415776
89,0.5003127468800266,0.18557135015800283,0.4972399164866211,0.19838710328881773,0.5043987971754312,0.20860631417428213,0.4661057739362488,0.20398537282328372,0.4930649702785215,0.17384902683064934
90,0.5010200232196059,0.18372417492208606,0.4977076595159097,0.1965217832171044,0.5042588208664948,0.20670548756923388,0.46665111216600136,0.20226498639596346,0.4928783864265764,0.17220603513273344
91,0.5016850707490546,0.18190439449132886,0.49818579059765544,0.1946806807843066,0.5040305794509915,0.20482659329959085,0.46717309726419187,0.20057277458210257,0.49255288685336623,0.1706008909447891
92,0.5022864830118647,0.18011161527362063,0.4986479384480424,0.1928635065057379,0.5037817260653445,0.2029694189363384,0.46764682617448605,0.19890851718401717,0.49210795421281334,0.16903308701068004
93,0.5028059500618175,0.17834545815765798,0.4990696730609808,0.1910699798872493,0.5035817416328967,0.20113375619102503,0.4680511735559062,0.19727200297010294,0.4915653938986393,0.1675021284353139
94,0.5032288849252745,0.17660555652909815,0.4994297724309885,0.18929982905353349,0.5034815627390749,0.1993194009597386,0.4683698454261469,0.1956630291489072,0.49094869923871537,0.1660075358507749
95,0.503544903848897,0.1748915537291281,0.4997112990471486,0.18755278951513393,0.5034987653788842,0.1975261526242755,0.46859214485830847,0.1940813997620277,0.49028235612404825,0.16454884941375306
96,0.5037481528700254,0.17320310065448805,0.49990244644167753,0.18582860270845714,0.5036131905410125,0.19575381345581386,0.46871342201582067,0.19252692384807593,0.4895911188110406,0.16312563169588767
97,0.5038374888372701,0.17153985435269395,0.4999971413373535,0.18412701515683513,0.5037747825332483,0.19400218887040144,0.468735200228996,0.19099941450242686,0.4888992889537261,0.16173746740437475
98,0.5038164737630656,0.16990147711250436,0.49999531628519567,0.1824477777962596,0.503921091884857,0.19227108778084137,0.46866493627152817,0.1894986886285347,0.4882300035221592,0.16038396163606228
99,0.5036931544347287,0.16828763606111183,0.4999027959271688,0.18079064553309057,0.5039986512242239,0.19056032252502222,0.4685153945483616,0.1880245666335369,0.48760454173828044,0.15906473863519466
100,0.5034796504634027,0.16669800383913436,0.4997308254744437,0.17915537764580905,0.5039811466616976,0.18886970873423403,0.4683036902878085,0.1865768722457895,0.4870416882422074,0.15777944008449218
101,0.5031915690141978,0.16513225992549427,0.49949526995658294,0.1775417386506037,0.5038779900192276,0.18719906533621722,0.4680500766427843,0.18515543283808622,0.48655718478825166,0.1565277220703504
102,0.5028472456232038,0.16359009187962165,0.4992154954203522,0.17594949897585094,0.5037299179508258,0.1855482146944798,0.46777652397196495,0.18376007985696058,0.4861632779815578,0.15530925192129175
103,0.5024668279494293,0.16207119598009506,0.4989129788690961,0.1743784350127746,0.5035929580859128,0.1839169825769204,0.46750516538627446,0.18239064914075884,0.4858683729025853,0.15412370539537887
104,0.5020712581367378,0.16057527715065908,0.49860975852816614,0.17282832851196694,0.5035166895209879,0.18230519762162928,0.46725674053495203,0.1810469815191966,0.4856768220218232,0.15297076295878986
105,0.5016812222245007,0.15910204868563424,0.498326861176341,0.1712989659154875,0.5035251807942397,0.18071269062789713,0.46704916641580607,0.1797289233710097,0.48558887223695857,0.15185010556151446
106,0.5013161094814587,0.15765123168420522,0.49808280488952034,0.1697901376092151,0.5036080888224665,0.1791392939492164,0.46689632805026476,0.1784363261294708,0.4856007697930998,0.15076141278243682
107,0.5009930395527633,0.1562225540971039,0.4978922928563888,0.16830163703165554,0.5037256690851825,0.17758484120143128,0.466807191124348,0.1771690447086907,0.48570502600693677,0.14970436409891785
108,0.500726044535207,0.15481575023700633,0.4977652505159687,0.16683326046370564,0.5038260417772588,0.17604916769728488,0.4667853375465291,0.17592693579951987,0.4858908533590484,0.14867864074827206
109,0.5005254403903205,0.15343056067847302,0.4977062660459451,0.16538480738648625,0.5038675404159323,0.17453211110576763,0.4668289478346354,0.17470985651107448,0.48614475081620745,0.14768392676880507
110,0.500397386308669,0.1520667318705248,0.49771442431199603,0.16395608069065978,0.5038363470101895,0.17303351168637604,0.4669311887339302,0.17351766338373492,0.48645119060117026,0.14671990956822054
111,0.5003436676278752,0.1507240157135412,0.49778356300495075,0.16254688690513494,0.5037516566738665,0.17155321242846897,0.46708097096048895,0.1723502121494152,0.4867933708220467,0.14578627956038753
112,0.5003617343632368,0.14940216920681337,0.4979029565415595,0.16115703643857202,0.5036560308986477,0.17009105922660508,0.4672640361749271,0.17120735826153582,0.4871540088228054,0.14488272882220127
113,0.5004449912221646,0.1481009541314332,0.498058366501423,0.15978634369592848,0.5035951744486087,0.1686469008463027,0.46746427981060484,0.17008895726327275,0.48751613947828654,0.14400895033283576
114,0.5005833201355924,0.14682013690439935,0.49823336702500187,0.15843462712247267,0.503596453206323,0.16722058860398786,0.4676651849241684,0.1689948644765991,0.4878638750538523,0.14316463850293448
115,0.5007638032004507,0.14555948841559324,0.4984108291228263,0.15710170894428174,0.5036563926321831,0.16581197581982962,0.4678512407569944,0.16792493457702382,0.4881830853476023,0.14234948962123886
116,0.5009715976382703,0.14431878393567826,0.49857442773977306,0.15578741472551327,0.5037433022887162,0.164420917446548,0.4680092102121598,0.1668790213170735,0.48846196046121243,0.1415632009329532
117,0.5011908989937597,0.1430978030455814,0.4987100219972899,0.1544915728108255,0.5038137570218636,0.16304726991490248,0.46812912495466386,0.16585697705201963,0.48869142937813054,0.14080546849131664
118,0.5014059502802537,0.14189632943565492,0.4988068060410408,0.15321401365728463,0.5038347684318851,0.16169089092759437,0.4682049529682762,0.1648586522227045,0.4888654319347745,0.14007598402570237
119,0.5016020748801875,0.140714150869925,0.4988581830133387,0.1519545695037922,0.5038004453489996,0.1603516393845901,0.46823492774012687,0.16388389519313223,0.48898105330376884,0.13937443138803363
120,0.5017666603562707,0.13955105893585532,0.4988622699882727,0.15071307413086796,0.5037342227937833,0.1590293753409995,0.4682215169312862,0.16293255222750008,0.4890385159561549,0.1387004846115859
121,0.5018900014946317,0.1384068483517895,0.498821949404041,0.14948936250834413,0.503675220582997,0.15772395985813598,0.4681710195960156,0.1620044673928003,0.48904102191705756,0.13805380847238488
122,0.5019659386346641,0.1372813163730079,0.4987444594205373,0.14828327075299966,0.5036562113995326,0.1564352549172045,0.4680928246770103,0.1610994827298048,0.48899445010527787,0.1374340599240729
123,0.5019922185314787,0.1361742623132715,0.49864053016822657,0.1470946362313157,0.5036854903317838,0.1551631232896838,0.467998382852629,0.1602174386805033,0.4889069145078339,0.13684088927861446
124,0.5019705275188662,0.13508548732934633,0.4985231263112398,0.14592329777497298,0.5037430292743655,0.15390742855775633,0.4678999725797608,0.15935817414743625,0.48878820111717464,0.13627394110283939
125,0.5019062064054809,0.13401479472874553,0.498405950559601,0.1447690961493302,0.5037933353779627,0.15266803549187782,0.46780940429128365,0.1585215260739808,0.4886491292797457,0.13573285423755324
126,0.5018076881555978,0.13296199058230487,0.4983018994373967,0.14363187455272522,0.5038074387900016,0.15144481049545577,0.46773682629109276,0.15770732894276387,0.4885008890303881,0.13521726072568493
127,0.5016857009670463,0.13192688426294638,0.49822164151784243,0.14251147887197238,0.5037804807412006,0.15023762182908398,0.4676897507851638,0.15691541422525482,0.4883543885522395,0.13472678499228385
128,0.501552287197417,0.13090928837887217,0.4981724599174996,0.14140775730438054,0.5037337375214088,0.14904633942262366,0.4676723892548815,0.15614560981413247,0.4882196426350651,0.13426104412488107
129,0.5014197350858965,0.12990901839358074,0.4981575185762547,0.14032055974481042,0.5036998697158274,0.14787083458387046,0.4676853772338329,0.1553977397527557,0.488105245219069,0.1338196480694993
130,0.5012995216531108,0.12892589235893528,0.4981756530538724,0.13924973743075295,0.5037010960264444,0.14671097984182682,0.46772591103334266,0.15467162414139504,0.4880179578817459,0.1334021991754544
131,0.5012013395114667,0.127959730557983,0.49822168291987007,0.13819514267484637,0.5037347398047414,0.14556664877948802,0.46778825226610565,0.15396707878966437,0.487962426571233,0.13300829199223185
132,0.501132306492444,0.1270103553248777,0.49828722438530465,0.13715662891751165,0.5037760746952554,0.14443771610139966,0.4678645386460575,0.15328391471756586,0.48794104182764014,0.13263751323848552
133,0.5010964403485736,0.1260775910187515,0.4983619131312839,0.1361340509973907,0.5037965332016968,0.14332405783969013,0.46794581345183917,0.15262193783271108,0.4879539517780677,0.13228944153186906
134,0.5010944323531737,0.12516126387601184,0.4984348557001286,0.13512726527962088,0.5037842416829529,0.1422255513689494,0.46802313631552045,0.15198094868163128,0.4879992146273806,0.1319636474273638
135,0.5011237323794054,0.12426120173710498,0.4984961054441473,0.13413612956085683,0.50375197686384,0.14114207524101,0.46808863139264495,0.151360742246615,0.48807306779196175,0.1316596938795243
136,0.5011789398035156,0.12337723374371093,0.4985379697566518,0.13316050280310435,0.5037267443574333,0.14007350897038506,0.46813635742015014,0.15076110798006484,0.48817029260114286,0.13137713638280935
137,0.5012524643554974,0.12250919035350008,0.4985559773653319,0.132200245061532,0.5037289081525409,0.1390197329836398,0.4681629012071022,0.15018182983954514,0.4882846480140863,0.13111552269355073
138,0.5013353803094203,0.12165690350274777,0.4985493590260012,0.1312552175187849,0.5037568423049367,0.13798062862711655,0.4681676270448862,0.1496226860551222,0.48840933943368636,0.13087439281632016
139,0.5014183963003787,0.12082020683709908,0.4985209912025122,0.13032528262985066,0.5037891332584676,0.13695607827786363,0.4681525744666128,0.1490834488849843,0.48853749276912467,0.13065327926332904
140,0.5014928431062734,0.11999893589964519,0.49847682035572355,0.12941030432239384,0.5038025072078409,0.13594596549757587,0.4681220344293342,0.14856388454458747,0.4886626027625678,0.13045170757115965
141,0.5015515550621833,0.11919292791469639,0.4984248281476716,0.12851014790218668,0.5037907182098297,0.1349501749247926,0.46808185814942804,0.14806375316795245,0.488778922239832,0.1302691973847374
142,0.5015895571854916,0.11840202138946697,0.49837370778971996,0.12762467982890274,0.5037688382201858,0.13396859207339726,0.4680385996448866,0.14758280889361164,0.48888177164426255,0.1301052635106865
143,0.5016044939509109,0.11762605561308115,0.49833147129586197,0.1267537673690638,0.5037595231667877,0.13300110309329377,0.46799862019825983,0.1471208002295507,0.4889677578587043,0.12995941635702693
144,0.5015967590735134,0.1168648702440511,0.4983042130650226,0.12589727826872496,0.5037732058398762,0.13204759455761655,0.46796727464854904,0.14667747041934306,0.4890348959321836,0.12983116204435646
145,0.5015693185050035,0.11611830509386507,0.49829522965889,0.1250550805430743,0.5037995690881406,0.13110795334147646,0.4679482863343701,0.14625255762564196,0.4890826341472324,0.1297200025145922
146,0.5015272531355368,0.11538620012276339,0.49830463660065527,0.12422704242319507,0.5038177658492693,0.13018206663796333,0.46794338606897995,0.1458457950495266,0.4891117855122071,0.12962543572330565
147,0.5014770644347073,0.11466839556002874,0.4983295176313167,0.12341303241988945,0.5038158364909541,0.12926982203622409,0.4679522324396134,0.145456910920487,0.4891243666351396,0.12954695639612
148,0.5014258136376678,0.11396473188119476,0.49836454927298707,0.12261291927816331,0.5038012302960663,0.1283711074870621,0.46797259853365775,0.14508562833220984,0.4891233566599648,0.12948405739881283
149,0.501380223943527,0.11327504989518643,0.49840301902982287,0.12182657207822375,0.5037928358110804,0.12748581137475296,0.46800080253829096,0.14473166519542316,0.4891124085857339,0.12943623073764896
150,0.5013458654467134,0.11259919078779755,0.49843806417485,0.12105386032171146,0.5038024170223604,0.12661382257400672,0.4680323211305455,0.14439473439793202,0.4890955424375348,0.12940296805273857
151,0.501326521352049,0.11193699606171657,0.4984639045319215,0.12029465392735429,0.503823594684877,0.12575503043809835,0.4680624865644488,0.14407454399008393,0.48907684121519335,0.12938376121740996
152,0.5013238110988385,0.11128830739911837,0.4984768453365348,0.11954882313841032,0.5038391242087283,0.12490932474784623,0.46808716450079263,0.143770797393392,0.4890601692638415,0.12937810313068143
153,0.501337108206834,0.1106529665503434,0.4984758637411892,0.11881623842984804,0.5038388433204616,0.1240765956643222,0.46810331205516376,0.1434831936157289,0.48904892796320815,0.1293854885663668
154,0.5013637449336605,0.11003081524429888,0.49846266091905156,0.11809677041476051,0.5038297081603506,0.12325673367103018,0.4681093310169174,0.1432114273466442,0.4890458579415788,0.12940541514568354
155,0.5013994736385382,0.1094216950892697,0.4984411863485452,0.11739028972656317,0.5038276553148818,0.1224496295056197,0.4681051831792227,0.1429551890703736,0.4890529011736694,0.12943738403466548
156,0.5014391334336543,0.10882544763177678,0.49841676275277147,0.11669666705129837,0.5038403211529513,0.12165517418809949,0.4680922791225555,0.14271416535336007,0.48907113491761184,0.12948090003307847
157,0.5014774149404005,0.10824191430615673,0.49839497532067245,0.11601577306284691,0.5038592656278084,0.12087325896734426,0.4680731668042977,0.14248803918376235,0.48910077398031937,0.12953547175507713
158,0.5015096123020184,0.10767093634756217,0.4983805493899039,0.115347478337029,0.5038700032803833,0.12010377526129451,0.4680510732409441,0.14227649029375733,0.48914123203265547,0.12960061233575024
159,0.5015322546441783,0.1071123546465982,0.4983764405376097,0.11469165321310294,0.5038683612501043,0.11934661456185258,0.46802937818031226,0.1420791955221406,0.489191232714938,0.1296758404444988
160,0.5015435316742349,0.10656600976794711,0.49838332222050863,0.11404816781160183,0.5038646147636701,0.1186016684569222,0.46801110066312845,0.14189582910497678,0.4892489595751829,0.1297606812805621
161,0.5015434522022073,0.10603174197294755,0.4983995588325111,0.11341689204651965,0.5038708804612609,0.11786882865754036,0.46799847386203025,0.14172606290689777,0.4893122311039492,0.12985466736633172
162,0.5015337315452677,0.105509391355179,0.49842167399602166,0.11279769574049349,0.5038868767842534,0.1171479870859183,0.4679926709323444,0.14156956674800716,0.48937868764379,0.1299573389613636
163,0.5015174238103455,0.10499879781560317,0.4984451853082474,0.11219044858055759,0.5039008512871977,0.11643903583846679,0.4679937097392377,0.14142600878417794,0.48944597341875096,0.13006824454011492
164,0.501498367153193,0.10449980102758546,0.4984656206488525,0.11159502006555032,0.5039042432375194,0.11574186713335577,0.468000538092147,0.14129505584356963,0.48951190138508943,0.1301869414998407
165,0.5014805368158716,0.10401224033784014,0.49847949118822366,0.11101127938785078,0.5039019038672885,0.11505637320582075,0.4680112800864678,0.14117637380366801,0.48957459300438766,0.13031299681453973
166,0.5014674172592163,0.1035359548465528,0.4984850171285949,0.11043909548939487,0.5039053816904672,0.11438244634089058,0.46802359403835586,0.1410696279633552,0.4896325858164894,0.13044598741347324
167,0.5014614778324605,0.10307078338692606,0.4984824274175881,0.10987833702056612,0.5039180270219892,0.11371997884371277,0.4680350734732483,0.1409744833499982,0.4896849013172375,0.13058550043390368
168,0.5014638439204888,0.10261656468222939,0.49847379677156306,0.10932887247810003,0.503931206132865,0.1130688631372689,0.46804362732291416,0.1408906050284301,0.4897310720140416,0.1307311332881386
169,0.5014741931109542,0.10217313722427394,0.49846244593687045,0.10879057007153872,0.5039361105118618,0.11242899166453704,0.46804777805491254,0.14081765842752267,0.4897711261524426,0.13088249397851578
170,0.5014909005236209,0.10174033935573802,0.4984520864904481,0.10826329778886548,0.503935343703033,0.11180025692216204,0.46804683772884803,0.14075530960886626,0.4898055368001853,0.13103920162495622
171,0.501511385464823,0.10131800904361433,0.49844589932933514,0.10774692314572203,0.50393875046819,0.11118255126646574,0.4680409495096175,0.14070322559827272,0.48983514459139454,0.1312008869557543
172,0.5015326248413312,0.10090598426312225,0.4984458243155708,0.107241313529034,0.5039498147279277,0.1105757671426635,0.4680310004284859,0.14066107475545306,0.4898610653008472,0.13136719228867536
173,0.5015516844244188,0.10050410262196725,0.49845213953694184,0.10674633579152369,0.5039611492444406,0.10997979677677916,0.4680184186231361,0.1406285271728909,0.4898845828407707,0.13153777163976993
174,0.5015662407290636,0.1001122019937086,0.4984635303116806,0.10626185685400173,0.5039655556636597,0.1093945325865707,0.46800490155434277,0.1406052550419132,0.48990704170311516,0.13171229048212443
175,0.5015749111140144,0.0997301195822726,0.49847746144478977,0.10578774276068423,0.5039658992820996,0.10881986647953602,0.4679921194174564,0.1405909330752874,0.48992973955836355,0.13189042607618756
176,0.5015774800408355,0.09935769324072272,0.49849097256917185,0.1053238599701325,0.5039707549691007,0.10825569074899082,0.4679814522881902,0.1405852387424562,0.489953839498133,0.1320718672931666
177,0.5015747837273294,0.0989947594164033,0.4985013426946949,0.1048700732911479,0.5039810802695541,0.10770189656882509,0.4679737901853501,0.14058785265485294,0.48998029152233485,0.1322563154259698
178,0.5015686072243533,0.09864115640981994,0.49850697889143686,0.1044262490825218,0.5039901616385017,0.10715837626005287,0.46796944516397065,0.14059845872474058,0.4900097944735177,0.13244348317554785
179,0.5015611160002335,0.09829671950967943,0.4985074691510962,0.10399225038338333,0.5039927241002176,0.10662501977470587,0.4679681429857188,0.14061674467331955,0.49004275607552295,0.13263309603924844
180,0.5015547173385324,0.09796128881775493,0.49850408784537525,0.10356794465519185,0.50399496246538,0.10610172022410945,0.46796914109408094,0.14064240196551817,0.49007931471616417,0.132824889824981
181,0.5015511399958691,0.09763469682126773,0.49849858841119027,0.10315319139635638,0.5040009282459308,0.10558836496203908,0.4679713628143884,0.14067512667153134,0.49011931983169216,0.1330186142817258
182,0.5015518975470152,0.09731678851861673,0.49849391935094417,0.10274786213395311,0.5040120334058219,0.10508484992622487,0.4679736527659052,0.14071461877084987,0.49016242891741874,0.13321402702789112
183,0.5015568044456644,0.09700738869749342,0.4984913250794978,0.10235180782998556,0.5040157601307713,0.10459105617337038,0.4679748943535982,0.14076058385033258,0.4902080578142698,0.133410903207298
184,0.5015661326098245,0.09670635594142174,0.4984934280213869,0.10196491256909275,0.504021698997414,0.10410688855748447,0.4679743215467921,0.14081273085155344,0.49025560106314264,0.13360901924544674
185,0.5015772358341875,0.09641349428737137,0.4984979499905272,0.10158700575905022,0.5040194703168294,0.1036322121996132,0.46797139681939204,0.1408707762976582,0.49030422532685636,0.13380817907086445
186,0.5015905665421541,0.09612869523811562,0.49850741401226367,0.10121800247587555,0.5040377465306386,0.10316695488762642,0.4679662302094514,0.14093443790301324,0.4903533620547788,0.13400817097798634
187,0.5016013898203058,0.09585172410472297,0.4985150626833309,0.10085769417912852,0.5040325214529835,0.10271095199705359,0.4679589549857271,0.14100344508061732,0.4904020859790572,0.13420883431232483
188,0.5016115418839799,0.09558250011046805,0.4985242880991145,0.10050601912602404,0.5040471225908179,0.1022641513737253,0.4679504631985197,0.14107752474941196,0.4904500957617051,0.13440996643873365
189,0.5016178638446314,0.09532080759589219,0.4985298780738982,0.10016278730787992,0.5040484908678116,0.10182640025633842,0.46794135911814944,0.1411564172724622,0.49049671979970116,0.13461142429415163
190,0.5016203168920935,0.09506649042428038,0.49853139148250203,0.09982786405866455,0.5040453223118128,0.10139758942428134,0.4679324627933882,0.141239865410617,0.4905416600990372,0.1348130525457498
191,0.501621287953395,0.09481943490688526,0.4985322068188672,0.09950115386662958,0.5040665775003365,0.10097764050713579,0.4679246177236205,0.1413276153707695,0.4905849354666601,0.13501468953623452
192,0.5016193875271614,0.09457942488573559,0.4985295588564266,0.09918246466386989,0.5040649548921831,0.10056639754049862,0.4679180782073295,0.14141942569458868,0.49062631414746644,0.13521622301396316
193,0.501617033794841,0.09434632944077002,0.49852680096259405,0.09887168315041167,0.5040622665927463,0.10016376770874724,0.46791312633655585,0.14151505581775298,0.4906660388242569,0.13541751625197643
194,0.5016164673236554,0.09412001467019103,0.49852694185941243,0.09856869255523254,0.5040799105996498,0.09976965496083838,0.4679097457526438,0.14161427168680554,0.4907044490691632,0.13561844296462278
195,0.5016166325537746,0.09390027646625364,0.49852758131394903,0.09827331005840978,0.5040785783091895,0.09938390923523603,0.467907417498303,0.14171685012263363,0.4907416815342098,0.13581891412965122
196,0.5016193365818254,0.0936869905254695,0.49853092978623886,0.09798542618068372,0.5040806553747368,0.09900643985359027,0.46790576034697706,0.14182256924803963,0.4907782478481107,0.13601881666604315
197,0.501625082421126,0.09348001589164587,0.4985372141158715,0.09770491521990707,0.5040954411136268,0.09863714240147504,0.46790426391229745,0.14193121478291393,0.49081460446167985,0.13621805270850226
198,0.5016316105126613,0.093279159953443,0.4985424866342154,0.0974316027509177,0.5040907448783378,0.09827587207945547,0.4679022547486686,0.14204258238950895,0.49085097768952624,0.13641655373583073
199,0.5016392526914393,0.09308429996354761,0.4985474640339534,0.09716537829156152,0.5040948455124468,0.09792253617015943,0.46789944474905815,0.1421564697136029,0.49088783801782554,0.13661422989477512
200,0.5016473749040957,0.09289529489770026,0.4985518201778609,0.09690611359721564,0.5041112773695454,0.09757702679806005,0.46789564753060575,0.14227268221872072,0.4909255119336731,0.13681100648710573
201,0.5016535960785261,0.09271196223362553,0.49855281366887033,0.0966536411136952,0.5041054463609491,0.09723920312699995,0.467890710280343,0.1423910347284478,0.4909640712828629,0.13700683340331493
202,0.5016583847192194,0.09253418000155211,0.49855252097112124,0.09640784853024412,0.5041072204203271,0.09690896948170206,0.4678848935815571,0.1425113446053579,0.4910037485992225,0.1372016421322242
203,0.5016618740202922,0.09236181057066653,0.4985523148539993,0.09616860816224107,0.5041240060981417,0.09658621687839432,0.4678785301491211,0.14263343682894822,0.4910446176878057,0.13739537752963826
204,0.5016630003716946,0.09219468081462284,0.4985511138916186,0.09593575854643198,0.5041205007934861,0.09627080773764211,0.46787188439351907,0.14275714530518024,0.4910865172143116,0.13758800585053255
205,0.5016632439772183,0.09203267006160143,0.4985512701997565,0.09570918595141759,0.5041208300209603,0.09596264358366857,0.467865423198889,0.14288230691853848,0.4911294262033409,0.13777947748298433
206,0.5016636638896245,0.09187564563577644,0.4985537041870361,0.0954887646354457,0.5041352210676511,0.09566161533473788,0.4678594984482878,0.14300876581296065,0.49117320974035417,0.13796975385826207
207,0.5016638598605837,0.09172344357702152,0.49855639732576656,0.09527433895388172,0.5041332269725348,0.09536758837856883,0.46785422304773694,0.14313637462580214,0.4912175568152334,0.13815881526471757
208,0.5016651664241758,0.09157594545506363,0.49856000445891824,0.09506579460074185,0.5041344318873796,0.09508046200145696,0.46784974366696513,0.14326498924365466,0.4912623161547534,0.13834662823617175
209,0.5016681620114419,0.09143302422253716,0.498564209454698,0.0948630083970072,0.5041469035017481,0.09480012743280967,0.46784602939014325,0.1433944723771071,0.491307289666713,0.13853316811442754
210,0.5016717807419167,0.09129452507666327,0.4985666290557421,0.09466583052561817,0.5041442591755413,0.09452645297052528,0.4678428210016616,0.14352469475089805,0.49135217085908967,0.13871842682448748
211,0.5016763243200567,0.09116033286780988,0.49856795436479806,0.09447414711018785,0.5041462051773852,0.09425933638342922,0.467839932312348,0.14365553044504997,0.49139683576149307,0.1389023843001629
212,0.5016815538097424,0.09103032644359776,0.498568743886558,0.09428783784663727,0.5041585215935666,0.09399866937926855,0.4678371206535594,0.14378685984946657,0.4914411650407712,0.1390850274535822
213,0.5016860103390693,0.09090436022617536,0.4985680025806039,0.09410675889062854,0.5041550106722887,0.09374432323018875,0.4678340639748253,0.14391857077164924,0.49148497593522583,0.1392663576200267
214,0.5016897780630886,0.0907823233617592,0.4985673187105327,0.09393079783760042,0.5041563210385185,0.09349619496983724,0.4678306294965297,0.14405055433144667,0.4915282667848657,0.13944636547677364
215,0.5016928583542136,0.09066410066907049,0.49856774653384656,0.09375983744832678,0.5041688077247127,0.09325417687725064,0.4678267478152322,0.1441827074631418,0.4915710564811185,0.13962504717077928
216,0.50169446322172,0.09054955578122145,0.49856833633709263,0.09359373997516607,0.5041655111388158,0.09301814327741253,0.4678223556949281,0.14431493390646366,0.49161331216377263,0.1398024111344188
217,0.5016953052165674,0.09043858292954217,0.4985698638557667,0.09343239536006719,0.504165808968798,0.09278799117018903,0.4678175856620073,0.14444714059702599,0.4916551518915572,0.1399784562386929
218,0.5016960009928637,0.09033107278226198,0.49857234825523467,0.09327568946705167,0.5041775294750453,0.09256361343472169,0.46781261104734295,0.1445792398239959,0.4916966970527716,0.14015318587487122
219,0.5016963155827384,0.0902268980238219,0.49857413375762233,0.0931234906674641,0.504174970414404,0.09234488750219265,0.46780755918757927,0.14471115005287827,0.4917380047026404,0.14032661376485597
220,0.5016970737649737,0.09012595855791274,0.4985754734146415,0.0929756919724292,0.5041750176625466,0.09213171097204143,0.46780265054851605,0.14484279276848475,0.49177923902194665,0.14049874496213136
221,0.5016986961487411,0.09002815082238647,0.49857641772284506,0.09283218247148442,0.5041852325271592,0.09192397745558188,0.4677980510219381,0.1449740943825341,0.49182053829996253,0.14066958845216057
222,0.5017006439103189,0.0899333565229152,0.4985760405159146,0.09269283684926968,0.5041830357116011,0.09172156770296294,0.46779380732805964,0.1451049868343652,0.49186196176382757,0.14083916165715693
223,0.5017031860761018,0.08984148182878322,0.49857534073861126,0.09255755196802301,0.5041837177907703,0.09152438061361362,0.46778998539231537,0.1452354048410566,0.4919036387012217,0.14100747403450628
224,0.5017061749761663,0.08975242902701899,0.4985749682588617,0.09242622045518303,0.5041924009356125,0.09133231084729548,0.46778656351344516,0.14536528763998927,0.4919456503232169,0.14117453868117144
225,0.5017087799379784,0.08966608888983935,0.4985744627578779,0.09229872360122854,0.504189894046316,0.09114524280529825,0.4677834151114895,0.14549457935402418,0.4919879966718838,0.14134037535719668
226,0.5017110900014498,0.08958237422836517,0.4985746527303066,0.09217496271988782,0.5041915325763607,0.09096307728328974,0.4677804547448048,0.14562322663319296,0.4920307281485336,0.14150499652488374
227,0.5017129791280309,0.08950119314751331,0.49857557653740003,0.09205483419842286,0.5041989919864488,0.09078571027893974,0.46777756056758496,0.145751180289171,0.4920738412997462,0.14166841825225235
228,0.5017139800458692,0.08942244540068654,0.49857625092238855,0.09193822611612418,0.5041958149985871,0.09061303012882437,0.4677745839422099,0.14587839540370978,0.49211726799361893,0.14183066157636884
229,0.5017145594651548,0.08934605053058632,0.498576942914887,0.09182504458274714,0.5041983155146192,0.09044493994886159,0.46777147329444146,0.1460048293386889,0.49216098995464047,0.1419917408307116
230,0.5017149256598233,0.08927192238314793,0.4985773721779405,0.09171518993773557,0.5042047866157039,0.09028133737793662,0.4677681896345463,0.14613044327862926,0.49220494438592494,0.1421516739976926
231,0.5017149870459888,0.08919996958833877,0.4985768521077958,0.09160855722851184,0.5042009925753932,0.09012211500071933,0.4677647111865105,0.14625520206298484,0.4922490317786317,0.14231048241196353
232,0.501715319209033,0.08913011831892097,0.49857606725084724,0.09150505754169892,0.504204117166371,0.0899671785646583,0.4677611127124779,0.14637907255324786,0.49229320989220243,0.1424681813712636
233,0.5017160093312086,0.08906228809248291,0.4985751635762241,0.0914045953827885,0.5042095705678175,0.08981642769263981,0.4677574642159263,0.14650202508658403,0.4923374055086785,0.14262478992144448
234,0.5017168316125452,0.0889963963076555,0.4985739857092043,0.09130707295439962,0.5042054751087064,0.08966975955489159,0.4677538326510324,0.1466240330470291,0.4923815367673688,0.1427803289187691
235,0.5017180372766358,0.08893237552813678,0.49857329490380015,0.09121240638074948,0.504209058209818,0.08952708275862505,0.4677503293804881,0.14674507160278877,0.49242558305497336,0.1429348139252453
236,0.5017193569000874,0.08887015092910613,0.4985729526259355,0.09112050460365166,0.5042132798860272,0.08938829932474793,0.4677470128348826,0.14686511905312533,0.49246950080066243,0.14308826429642474
237,0.5017204245535052,0.08880964852703141,0.4985725482140475,0.09103127712755718,0.5042092553426101,0.08925331133496334,0.46774390894789974,0.14698415616713406,0.49251325618121716,0.1432406997760136
238,0.5017213665098648,0.08875080686066253,0.498572367112364,0.0909446450048179,0.5042131758902051,0.0891220303619088,0.4677410497336355,0.14710216530285558,0.49255686949514155,0.1433921357051496
239,0.5017219202052919,0.08869355674904066,0.498571919274075,0.09086052187766086,0.5042159158218797,0.08899436125498422,0.4677384010590528,0.14721913160795,0.4926003370918606,0.1435425911507963
240,0.5017219727800898,0.08863783255963326,0.49857090718837715,0.09077882458091392,0.5042123227154568,0.08887021124907797,0.46773591064910186,0.14733504217120671,0.49264367222977073,0.14369208431035885
241,0.50172183836147,0.08858357827098012,0.4985697514706271,0.09069947886254713,0.5042164400199025,0.08874949489615123,0.4677335403040739,0.1474498855184676,0.4926869253054421,0.14384063002193884
242,0.5017214520592833,0.0885307304005715,0.49856825150629774,0.09062240338295234,0.5042175446097894,0.08863212036326876,0.46773121527556366,0.14756365261057508,0.4927301164929437,0.14398824659085868
243,0.5017209415876585,0.08847923128931763,0.4985665628963375,0.09054752221922273,0.5042147003297133,0.08851800018818581,0.4677288830769755,0.14767633587995113,0.4927732826718329,0.14413495040420773
244,0.5017206195829956,0.0884290297715438,0.4985651722912222,0.0904747655231384,0.5042187661083595,0.0884070518704977,0.4677265239980013,0.14778792908871502,0.49281647686834273,0.14428075562102316
245,0.5017203563675974,0.08838006817517374,0.4985638150385832,0.09040405733175019,0.5042182449577525,0.08829918742436892,0.4677241086658356,0.14789842806771822,0.492859717014327,0.14442567935079462
246,0.5017202081983736,0.08833229627144512,0.49856254677097006,0.09033532870463414,0.5042164030316632,0.08819432469373281,0.4677216488485151,0.1480078297221443,0.4929030359521163,0.14456973603878265
247,0.5017202367095609,0.08828566718654991,0.49856145160216,0.09026851390647593,0.504220047028296,0.08809238409577384,0.4677191794278775,0.1481161322022702,0.4929464646465958,0.14471293907829122
248,0.5017201553520625,0.08824012921026132,0.49856006038498274,0.0902035427275624,0.5042181182714011,0.08799328203939928,0.467716723044544,0.1482233353398826,0.4929900010735127,0.14485530405845956
249,0.5017199623848639,0.08819563882072902,0.4985584452764394,0.09014035275781744,0.5042174301931757,0.08789694151252353,0.4677143294568434,0.14832943972816764,0.49303365846434327,0.14499684354664502
250,0.5017196189303317,0.08815215297817762,0.49855666055411024,0.0900788821603449,0.5042202110627237,0.08780328588564314,0.46771204054531607,0.1484344471334733,0.49307743735416076,0.14513757014298867
251,0.501718931681051,0.08810962606384623,0.49855450811629837,0.09001906681190211,0.5042173063819628,0.08771223647244393,0.4677098733631276,0.14853836061248393,0.4931213155063831,0.14527749767980233
252,0.5017180466851271,0.08806802036596849,0.4985523351660965,0.08996085019273814,0.5042177507945195,0.08762372107470343,0.4677078535653718,0.14864118376546745,0.4931652879900454,0.1454166370400037
253,0.5017169972494753,0.08802729640405474,0.4985502186406106,0.08990417429836389,0.5042192459038415,0.08753766617294768,0.46770597975091904,0.14874292128053723,0.4932093334273564,0.14555499998449084
254,0.5017157669154122,0.08798741467520911,0.49854805650182604,0.0898489813018046,0.504215952675866,0.08745399838234061,0.46770423121814925,0.14884357875248153,0.4932534223559215,0.14569259844444132
255,0.5017145728120277,0.0879483422773844,0.4985460725727129,0.08979521980849221,0.5042172653277004,0.08737264987093099,0.4677025950594213,0.14894316219287557,0.4932975432405764,0.1458294418898418
256,0.5017133982781176,0.0879100432525328,0.49854406519266836,0.08974283577727897,0.5042171984394479,0.0872935505487961,0.46770103715887973,0.14904167858104916,0.49334166903298965,0.1459655411394145
257,0.5017122320882887,0.08787248403087757,0.49854187983693077,0.08969177766462465,0.5042141551750456,0.08721663252897063,0.4676995269798006,0.14913913545604304,0.4933857785059082,0.14610090620480826
258,0.5017111644988852,0.08783563551687659,0.49853962439037025,0.08964199840489305,0.5042158234832494,0.08714183185858908,0.4676980498549737,0.14923554072491946,0.4934298649780489,0.14623554546384185
259,0.5017100438843303,0.08779946544437495,0.4985370974341838,0.08959344821963963,0.5042141984726053,0.08706908232936982,0.46769658373520295,0.1493309030924847,0.49347390952490855,0.14636946866541706
260,0.5017088347340966,0.0877639456994979,0.49853438058641764,0.08954608153213335,0.504211939264781,0.08699832147012505,0.4676951266068078,0.14942523154399373,0.49351790787850786,0.14650268404140154
261,0.5017075386184824,0.0877290501493542,0.49853164905797936,0.08949985493287217,0.5042132822572476,0.08692948880790094,0.46769368873480466,0.14951853543338844,0.49356186270842584,0.14663519915291787
262,0.5017060208993869,0.08769475051611736,0.49852880982471975,0.08945472330041619,0.5042104520877632,0.08686252253311545,0.4676922764116476,0.1496108246960464,0.49360576863540384,0.14676702250713067
263,0.5017043454697491,0.0876610233636611,0.4985260279498283,0.08941064639925038,0.5042092282518995,0.08679736522110047,0.46769091326350365,0.1497021093615833,0.4936496367858064,0.1468981608180139
264,0.5017025384055891,0.08762784498602094,0.4985233044409733,0.08936758406871015,0.5042095755122658,0.08673395968875337,0.46768961877138077,0.14979239983360243,0.49369347578449263,0.1470286210105253
265,0.5017005768659047,0.08759519133455548,0.49852047916939657,0.08932549616206736,0.5042061903865457,0.08667224895807715,0.4676884045360814,0.14988170685357421,0.4937372906908423,0.1471584102499039
266,0.5016985918539413,0.0875630426451212,0.49851762920887666,0.08928434691847299,0.5042058343077832,0.08661218005436483,0.4676872877729286,0.14997004117241758,0.49378109863868574,0.14728753413128123
267,0.5016965790529877,0.08753137749119627,0.4985146272184627,0.08924409935918905,0.5042047632258163,0.08655369917175074,0.46768626938035074,0.15005741388884664,0.49382490694900966,0.14741599900210353
268,0.5016945414632324,0.08750017604165934,0.4985114276410278,0.08920471836681564,0.504201583429904,0.0864967543521184,0.46768534527322325,0.1501438362113106,0.4938687240344529,0.147543810692104
269,0.5016925388991117,0.08746942117138012,0.498508163089583,0.08916617173824365,0.5042015250847817,0.08644129640985768,0.46768451140403816,0.15022931935676886,0.49391256275479944,0.14767097408183594
270,0.5016904818639017,0.0874390939290898,0.4985047693795515,0.08912842591174498,0.5041990626897929,0.08638727524420141,0.4676837502263482,0.15031387480529168,0.4939564240499612,0.1477974948658237
271,0.5016883635681656,0.08740917829093908,0.4985013451594805,0.08909145045665448,0.5041966502846413,0.08633464373899877,0.4676830497046491,0.15039751397446327,0.4940003135203881,0.14792337770320124
272,0.5016861712385474,0.08737965896929592,0.4984979564540141,0.0890552160079277,0.504196111643742,0.08628335598442045,0.4676823984538726,0.15048024832999046,0.4940442337644066,0.14804862707082694
273,0.501683825105581,0.08735051983949861,0.49849450278534935,0.08901969278290352,0.5041927745664596,0.0862333660017496,0.4676817826821005,0.15056208946016425,0.4940881791577588,0.1481732478751108
274,0.5016813713084826,0.08732174790100224,0.4984910440680497,0.08898485432211074,0.5041912263691384,0.0861846309941293,0.4676812012716718,0.15064304880598056,0.4941321501404756,0.14829724391880575
275,0.5016788008933166,0.08729332934613933,0.49848750468294056,0.08895067377832248,0.5041895848650981,0.08613710813904588,0.467680652830264,0.15072313788674813,0.49417614002476934,0.1484206194225751
276,0.5016761171965696,0.08726525107579308,0.49848381807369074,0.08891712534748769,0.504186169118305,0.08609075583655139,0.46768014038385736,0.15080236818636805,0.4942201408921948,0.14854337843768112
277,0.5016733964424595,0.08723750214431371,0.49848005904860765,0.0888841856324511,0.5041850277537904,0.0860455348989399,0.4676796750316001,0.15088075104515905,0.4942641492296575,0.14866552428823804
278,0.5016706197300855,0.08721007032538715,0.49847617050977266,0.08885183039862253,0.5041821505046765,0.08600140574443961,0.46767926257799924,0.15095829785713039,0.4943081546449164,0.1487870608976508
279,0.5016678181470263,0.0871829453378199,0.49847221508234796,0.0888200376186627,0.5041793171049621,0.0859583310433051,0.4676789127828041,0.15103501985392298,0.4943521516398716,0.1489079915452205
280,0.5016650079104166,0.08715611749011842,0.4984682518495249,0.08878878619017233,0.5041778043527378,0.0859162746108569,0.46767863328905457,0.15111092817595267,0.494396135433221,0.14902831938795513
281,0.5016621377614467,0.08712957649430403,0.4984642288962576,0.08875805481255086,0.5041741585794867,0.08587520043768056,0.46767842462782283,0.15118603393341015,0.4944400982884457,0.14914804791728514
282,0.5016592251617279,0.08710331423721807,0.49846020435805566,0.08872782460169769,0.5041720374454115,0.08583507496153497,0.467678289313222,0.15126034802302699,0.4944840393551358,0.14926717989319935
283,0.5016562320647933,0.08707732194827787,0.4984561253414451,0.0886980764109969,0.5041695289707093,0.08579586474632139,0.4676782226031742,0.15133388129321226,0.49452795510909686,0.14938571843342702
284,0.501653134109327,0.08705159151428363,0.49845194869090415,0.08866879206947403,0.5041659040460991,0.08575753755892701,0.4676782178589206,0.1514066444536208,0.494571843936929,0.14950366650843058
285,0.5016499569999692,0.08702611614569496,0.4984477098051965,0.08863995500700582,0.5041639969159594,0.0857200629137888,0.4676782700313343,0.15147864802602434,0.4946157083646921,0.1496210266856079
286,0.5016466744719551,0.08700088816309674,0.4984433526085208,0.08861154815823105,0.5041604563689689,0.08568341025535296,0.46767836956648645,0.15154990247434447,0.49465954737549955,0.14973780197684272
287,0.5016433202360283,0.0869759014226508,0.49843892621566216,0.0885835562492412,0.5041574161385091,0.08564755094371285,0.4676785118434806,0.1516204180485982,0.4947033645126842,0.14985399490947013
288,0.5016399143257104,0.08695114982730102,0.49843445757555843,0.08855596438549265,0.5041549572453482,0.08561245702951747,0.4676786931104247,0.15169020487125104,0.4947471626030769,0.14996960809575952
289,0.5016364505822344,0.08692662715455524,0.4984299281439742,0.0885287578834429,0.5041509745712751,0.08557810110785008,0.4676789104033939,0.1517592729431995,0.49479094296479187,0.15008464429797236
290,0.5016329651931773,0.08690232858676353,0.498425391630291,0.08850192371087418,0.5041484282572234,0.08554445756810618,0.4676791666546865,0.15182763204506888,0.4948347103818778,0.15019910584346788
291,0.5016294371324912,0.08687824860573379,0.49842080376886466,0.08847544849124454,0.5041449982560335,0.08551150086039178,0.4676794632110573,0.15189529186380013,0.4948784658056498,0.15031299542566592
292,0.5016258637429113,0.0868543825625727,0.49841615669661715,0.088449319981098,0.5041413092358425,0.08547920677682776,0.4676798043387183,0.15196226189300363,0.4949222115273879,0.15042631550443347
293,0.5016222453083395,0.08683072626046612,0.4984114556744588,0.08842352666940914,0.5041385977101279,0.08544755210179336,0.467680194965779,0.152028551456692,0.4949659496888155,0.15053906846302634
294,0.5016185484158314,0.08680727506717674,0.49840665616916113,0.08839805693220222,0.5041344858962854,0.08541651387561672,0.4676806368878432,0.15209416976191906,0.49500967927179756,0.15065125694433676
295,0.501614786477304,0.0867840255305401,0.4984017992743439,0.08837290055286356,0.5041313236815186,0.0853860707121493,0.4676811335458675,0.15215912579845806,0.49505340156267025,0.1507628832343327
296,0.5016109467681515,0.08676097376121904,0.49839687864659166,0.08834804718675218,0.5041278364747099,0.08535620146238734,0.46768168434689295,0.15222342843712447,0.49509711482331875,0.1508739498737685
297,0.5016070315141986,0.08673811628848825,0.4983919044507159,0.08832348716328686,0.5041237603204878,0.08532688590774326,0.46768228758773855,0.15228708637701752,0.4951408173096375,0.1509844593306135
298,0.5016030640098179,0.0867154502149628,0.4983869101547663,0.08829921162529455,0.504120653558542,0.08529810487748805,0.467682941343515,0.15235010813572586,0.49518450796566027,0.15109441393968964
299,0.5015990363105273,0.08669297215620517,0.49838186375627236,0.0882752115195982,0.5041164364097149,0.08526983936814155,0.46768364056647316,0.1524125021145595,0.4952281830971191,0.15120381630200094
